<?xml version='1.0' encoding='utf-8'?>
<!DOCTYPE hibernate-configuration PUBLIC
        "-//Hibernate/Hibernate Configuration DTD//EN"
        "http://www.hibernate.org/dtd/hibernate-configuration-3.0.dtd">
<hibernate-configuration>
    <session-factory>
        <property name="connection.url">jdbc:mysql://mysql.stud.iie.ntnu.no:3306/kevinah</property>
        <property name="connection.driver_class">com.mysql.jdbc.Driver</property>
        <property name="connection.username">kevinah</property>
        <property name="connection.password">6Z8ze29v</property>

        <!-- DB schema will be updated if needed -->
        <!-- <property name="hbm2ddl.auto">update</property> -->

        <property name="show_sql">true</property>

        <!-- Mapping til databsen -->
        <mapping class="Oving5.konto"/>
    </session-factory>
</hibernate-configuration>